{"SliceTiming": [0.0, 1.5384615384615383, 0.07692307692307693, 1.6153846153846154, 0.15384615384615385, 1.6923076923076923, 0.23076923076923078, 1.7692307692307692, 0.3076923076923077, 1.8461538461538463, 0.3846153846153846, 1.9230769230769234, 0.46153846153846156, 2.0, 0.5384615384615384, 2.0769230769230766, 0.6153846153846154, 2.1538461538461537, 0.6923076923076923, 2.230769230769231, 0.7692307692307692, 2.307692307692308, 0.8461538461538461, 2.3846153846153846, 0.9230769230769231, 2.4615384615384617, 1.0, 2.5384615384615383, 1.0769230769230769, 2.6153846153846154, 1.153846153846154, 2.6923076923076925, 1.2307692307692308, 2.769230769230769, 1.3076923076923077, 2.846153846153846, 1.3846153846153846, 2.923076923076923, 1.4615384615384615], "FlipAngle": 90, "TaskName": "task-MID", "RepetitionTime": 3.0, "PhaseEncodingDirection": "j", "EchoTime": 0.03}